label,frequency,percent
3.6,6,85.71428571428571
++EDITLEVEL when merging,1,14.285714285714285
